{
  "series_zero_ratios": {
    "CALI_SUN": {
      "zero_count": 389,
      "total_count": 704,
      "zero_ratio": 0.5525568181818182
    },
    "CALI_WND": {
      "zero_count": 0,
      "total_count": 704,
      "zero_ratio": 0.0
    },
    "ERCO_SUN": {
      "zero_count": 313,
      "total_count": 702,
      "zero_ratio": 0.4458689458689459
    },
    "ERCO_WND": {
      "zero_count": 0,
      "total_count": 702,
      "zero_ratio": 0.0
    },
    "MISO_SUN": {
      "zero_count": 2,
      "total_count": 701,
      "zero_ratio": 0.0028530670470756064
    },
    "MISO_WND": {
      "zero_count": 0,
      "total_count": 701,
      "zero_ratio": 0.0
    }
  },
  "solar_zero_by_hour": {
    "0": 0.0,
    "1": 0.2,
    "2": 0.5444444444444444,
    "3": 0.5888888888888889,
    "4": 0.6,
    "5": 0.6179775280898876,
    "6": 0.5909090909090909,
    "7": 0.5795454545454546,
    "8": 0.6091954022988506,
    "9": 0.6206896551724138,
    "10": 0.6091954022988506,
    "11": 0.6091954022988506,
    "12": 0.5977011494252874,
    "13": 0.6091954022988506,
    "14": 0.3218390804597701,
    "15": 0.2988505747126437,
    "16": 0.0,
    "17": 0.0,
    "18": 0.0,
    "19": 0.0,
    "20": 0.0,
    "21": 0.0,
    "22": 0.0,
    "23": 0.0
  },
  "wind_zero_by_hour": {
    "0": 0.0,
    "1": 0.0,
    "2": 0.0,
    "3": 0.0,
    "4": 0.0,
    "5": 0.0,
    "6": 0.0,
    "7": 0.0,
    "8": 0.0,
    "9": 0.0,
    "10": 0.0,
    "11": 0.0,
    "12": 0.0,
    "13": 0.0,
    "14": 0.0,
    "15": 0.0,
    "16": 0.0,
    "17": 0.0,
    "18": 0.0,
    "19": 0.0,
    "20": 0.0,
    "21": 0.0,
    "22": 0.0,
    "23": 0.0
  }
}
