{
  "series_zero_ratios": {
    "CALI_SUN": {
      "zero_count": 0,
      "total_count": 368,
      "zero_ratio": 0.0
    },
    "CALI_WND": {
      "zero_count": 0,
      "total_count": 368,
      "zero_ratio": 0.0
    },
    "ERCO_SUN": {
      "zero_count": 154,
      "total_count": 366,
      "zero_ratio": 0.4207650273224044
    },
    "ERCO_WND": {
      "zero_count": 0,
      "total_count": 366,
      "zero_ratio": 0.0
    },
    "MISO_SUN": {
      "zero_count": 9,
      "total_count": 365,
      "zero_ratio": 0.024657534246575342
    },
    "MISO_WND": {
      "zero_count": 0,
      "total_count": 365,
      "zero_ratio": 0.0
    }
  },
  "solar_zero_by_hour": {
    "0": 0.0,
    "1": 0.0625,
    "2": 0.25,
    "3": 0.2708333333333333,
    "4": 0.2916666666666667,
    "5": 0.2765957446808511,
    "6": 0.2826086956521739,
    "7": 0.2608695652173913,
    "8": 0.28888888888888886,
    "9": 0.3111111111111111,
    "10": 0.3111111111111111,
    "11": 0.3111111111111111,
    "12": 0.3111111111111111,
    "13": 0.3111111111111111,
    "14": 0.0,
    "15": 0.0,
    "16": 0.0,
    "17": 0.0,
    "18": 0.0,
    "19": 0.0,
    "20": 0.0,
    "21": 0.0,
    "22": 0.0,
    "23": 0.0
  },
  "wind_zero_by_hour": {
    "0": 0.0,
    "1": 0.0,
    "2": 0.0,
    "3": 0.0,
    "4": 0.0,
    "5": 0.0,
    "6": 0.0,
    "7": 0.0,
    "8": 0.0,
    "9": 0.0,
    "10": 0.0,
    "11": 0.0,
    "12": 0.0,
    "13": 0.0,
    "14": 0.0,
    "15": 0.0,
    "16": 0.0,
    "17": 0.0,
    "18": 0.0,
    "19": 0.0,
    "20": 0.0,
    "21": 0.0,
    "22": 0.0,
    "23": 0.0
  }
}
